﻿<?xml version="1.0" encoding="utf-8"?>
<ProjectElements>
  <AcfElementGuid Guid="067ab78e-a4a8-4939-96ff-3f9f9e265489" />
  <AcfElementGuid Guid="2131088d-46fe-4da6-a352-d5fcfe0de000" />
  <AcfElementGuid Guid="3010f747-a685-45d9-94df-a8c34eee3905" />
  <AcfElementGuid Guid="b6df9ab6-ad36-4e0a-9c5c-c6403781e9b1" />
  <AcfElementGuid Guid="d9d3dece-f015-404e-9c9f-6344222b2e8e" />
  <AcfElementGuid Guid="f82c9a6d-135d-462e-9cd7-8c6a0aa935e8" />
  <AcfElementGuid Guid="faa79a2e-b993-429c-bd30-b5f12f3f2b9a" />
  <AcfElementGuid Guid="fb6f68f6-d39b-487c-8823-7ee2c3f60333" />
</ProjectElements>