<?xml version="1.0" encoding="utf-8"?>
<ProgramItemsData xmlns:xsi="http://www.w3.org/2001/XMLSchema-instance" xmlns:xsd="http://www.w3.org/2001/XMLSchema">
  <ProgramItems>
    <ProgramItem>
      <ProgramName>Program1_New</ProgramName>
      <RoutingName>Initialize</RoutingName>
      <SubRoutings />
    </ProgramItem>
    <ProgramItem>
      <ProgramName>Program1</ProgramName>
      <RoutingName>Main_IO</RoutingName>
      <SubRoutings />
    </ProgramItem>
    <ProgramItem>
      <ProgramName>Program2</ProgramName>
      <RoutingName>Bowl_Feeder</RoutingName>
      <SubRoutings />
    </ProgramItem>
    <ProgramItem>
      <ProgramName>Program3</ProgramName>
      <RoutingName>Core_Transport</RoutingName>
      <SubRoutings />
    </ProgramItem>
    <ProgramItem>
      <ProgramName>Program4</ProgramName>
      <RoutingName>Core_Rotate_Load</RoutingName>
      <SubRoutings />
    </ProgramItem>
  </ProgramItems>
</ProgramItemsData>