﻿<?xml version="1.0" encoding="utf-8"?>
<ProjectElements>
  <AcfElementGuid Guid="067ab78e-a4a8-4939-96ff-3f9f9e265489">
    <File>Bowl_Feeder.AcfMlge</File>
  </AcfElementGuid>
  <AcfElementGuid Guid="2131088d-46fe-4da6-a352-d5fcfe0de000">
    <File>Core_Transport.AcfMlge</File>
  </AcfElementGuid>
  <AcfElementGuid Guid="3010f747-a685-45d9-94df-a8c34eee3905">
    <File>Main_IO.AcfMlge</File>
  </AcfElementGuid>
  <AcfElementGuid Guid="faa79a2e-b993-429c-bd30-b5f12f3f2b9a">
    <File>Initialize.AcfMlge</File>
  </AcfElementGuid>
  <AcfElementGuid Guid="fb6f68f6-d39b-487c-8823-7ee2c3f60333">
    <File>Core_Rotate_Load.AcfMlge</File>
  </AcfElementGuid>
</ProjectElements>